Factory_State_Route,Average_Lead_Time,Route_Volume,Route_Efficiency_Score
Lot's O' Nuts → Alabama,8.058823529411764,34,49.57983193277311
Lot's O' Nuts → Alberta,8.3125,16,47.767857142857146
Lot's O' Nuts → Arizona,6.873873873873874,111,58.04375804375804
Lot's O' Nuts → Arkansas,8.548387096774194,31,46.08294930875576
Lot's O' Nuts → British Columbia,7.777777777777778,18,51.58730158730159
Lot's O' Nuts → California,7.881777777777778,1125,50.84444444444444
Lot's O' Nuts → Colorado,8.271844660194175,103,48.05825242718447
Lot's O' Nuts → Connecticut,8.27659574468085,47,48.02431610942249
Lot's O' Nuts → Delaware,7.5813953488372094,43,52.990033222591364
Lot's O' Nuts → District of Columbia,8.5,8,46.42857142857143
Lot's O' Nuts → Florida,7.909090909090909,209,50.64935064935065
Lot's O' Nuts → Georgia,7.663636363636364,110,52.4025974025974
Lot's O' Nuts → Idaho,7.857142857142857,14,51.02040816326531
Lot's O' Nuts → Illinois,7.6367041198501875,267,52.59497057249866
Lot's O' Nuts → Indiana,8.555555555555555,90,46.03174603174603
Lot's O' Nuts → Iowa,6.875,16,58.035714285714285
Lot's O' Nuts → Kansas,8.0,15,50.0
Lot's O' Nuts → Kentucky,7.467532467532467,77,53.80333951762524
Lot's O' Nuts → Louisiana,5.75,24,66.07142857142857
Lot's O' Nuts → Maine,9.5,6,39.285714285714285
Lot's O' Nuts → Manitoba,6.5,2,60.714285714285715
Lot's O' Nuts → Maryland,7.65,60,52.5
Lot's O' Nuts → Massachusetts,8.618421052631579,76,45.58270676691729
Lot's O' Nuts → Michigan,8.0,147,50.0
Lot's O' Nuts → Minnesota,8.86046511627907,43,43.85382059800664
Lot's O' Nuts → Mississippi,7.3,30,55.0
Lot's O' Nuts → Missouri,9.083333333333334,36,42.26190476190476
Lot's O' Nuts → Montana,8.875,8,43.75
Lot's O' Nuts → Nebraska,8.73913043478261,23,44.720496894409926
Lot's O' Nuts → Nevada,9.166666666666666,24,41.66666666666667
Lot's O' Nuts → New Brunswick,8.75,4,44.642857142857146
Lot's O' Nuts → New Hampshire,9.615384615384615,13,38.46153846153846
Lot's O' Nuts → New Jersey,8.03076923076923,65,49.78021978021978
Lot's O' Nuts → New Mexico,10.222222222222221,18,34.126984126984134
Lot's O' Nuts → New York,8.348837209302326,645,47.50830564784053
Lot's O' Nuts → Newfoundland and Labrador,6.833333333333333,6,58.333333333333336
Lot's O' Nuts → North Carolina,8.055944055944057,143,49.6003996003996
Lot's O' Nuts → North Dakota,8.2,5,48.57142857142858
Lot's O' Nuts → Ohio,7.6183206106870225,262,52.72628135223555
Lot's O' Nuts → Oklahoma,8.195121951219512,41,48.606271777003485
Lot's O' Nuts → Ontario,8.178571428571429,28,48.724489795918366
Lot's O' Nuts → Oregon,7.805194805194805,77,51.39146567717996
Lot's O' Nuts → Pennsylvania,8.0,331,50.0
Lot's O' Nuts → Prince Edward Island,7.5,6,53.57142857142857
Lot's O' Nuts → Quebec,8.708333333333334,24,44.94047619047619
Lot's O' Nuts → Rhode Island,9.033333333333333,30,42.61904761904761
Lot's O' Nuts → South Carolina,7.285714285714286,21,55.10204081632653
Lot's O' Nuts → South Dakota,5.777777777777778,9,65.87301587301587
Lot's O' Nuts → Tennessee,8.137614678899082,109,49.0170380078637
Lot's O' Nuts → Texas,7.718804920913884,569,52.00853627918654
Lot's O' Nuts → Utah,8.03448275862069,29,49.75369458128078
Lot's O' Nuts → Vermont,12.6,5,17.142857142857146
Lot's O' Nuts → Virginia,7.871559633027523,109,50.91743119266055
Lot's O' Nuts → Washington,7.605947955390334,269,52.81465746149762
Lot's O' Nuts → West Virginia,3.5,2,82.14285714285714
Lot's O' Nuts → Wisconsin,7.982758620689655,58,50.12315270935961
Lot's O' Nuts → Wyoming,7.0,1,57.142857142857146
Secret Factory → Alabama,7.666666666666667,3,52.38095238095237
Secret Factory → Alberta,12.0,2,21.428571428571427
Secret Factory → Arizona,10.0,5,35.714285714285715
Secret Factory → Arkansas,4.5,2,75.0
Secret Factory → California,6.903225806451613,31,57.834101382488484
Secret Factory → Colorado,5.571428571428571,7,67.34693877551021
Secret Factory → Connecticut,13.0,1,14.285714285714286
Secret Factory → Delaware,7.0,1,57.142857142857146
Secret Factory → Florida,7.857142857142857,7,51.02040816326531
Secret Factory → Georgia,11.0,7,28.571428571428573
Secret Factory → Illinois,8.23076923076923,13,48.35164835164836
Secret Factory → Indiana,10.75,4,30.357142857142858
Secret Factory → Kentucky,8.0,2,50.0
Secret Factory → Louisiana,9.0,2,42.857142857142854
Secret Factory → Maryland,9.333333333333334,3,40.476190476190474
Secret Factory → Massachusetts,10.5,2,32.142857142857146
Secret Factory → Michigan,9.6,5,38.57142857142857
Secret Factory → Minnesota,2.0,1,92.85714285714286
Secret Factory → Mississippi,2.0,1,92.85714285714286
Secret Factory → Nebraska,10.0,1,35.714285714285715
Secret Factory → Nevada,12.0,2,21.428571428571427
Secret Factory → New Hampshire,2.0,1,92.85714285714286
Secret Factory → New Jersey,6.5,2,60.714285714285715
Secret Factory → New Mexico,8.0,2,50.0
Secret Factory → New York,9.333333333333334,24,40.476190476190474
Secret Factory → North Carolina,9.5,4,39.285714285714285
Secret Factory → Ohio,6.769230769230769,13,58.79120879120878
Secret Factory → Oregon,6.5,2,60.714285714285715
Secret Factory → Pennsylvania,7.052631578947368,19,56.766917293233085
Secret Factory → Quebec,6.5,2,60.714285714285715
Secret Factory → Rhode Island,6.333333333333333,3,61.90476190476191
Secret Factory → South Carolina,12.0,1,21.428571428571427
Secret Factory → Tennessee,8.0,3,50.0
Secret Factory → Texas,7.5,16,53.57142857142857
Secret Factory → Utah,1.0,1,100.0
Secret Factory → Vermont,8.0,1,50.0
Secret Factory → Virginia,11.4,5,25.71428571428571
Secret Factory → Washington,6.2727272727272725,11,62.33766233766233
Secret Factory → Wisconsin,6.6,5,60.0
Sugar Shack → Arizona,7.0,1,57.142857142857146
Sugar Shack → California,10.0,1,35.714285714285715
Sugar Shack → Connecticut,6.0,1,64.28571428571429
Sugar Shack → Delaware,9.0,1,42.857142857142854
Sugar Shack → Florida,11.333333333333334,3,26.190476190476186
Sugar Shack → Illinois,10.0,2,35.714285714285715
Sugar Shack → Michigan,7.0,3,57.142857142857146
Sugar Shack → New Jersey,14.0,1,7.142857142857143
Sugar Shack → New York,10.11111111111111,9,34.920634920634924
Sugar Shack → Ohio,7.0,2,57.142857142857146
Sugar Shack → Pennsylvania,13.333333333333334,3,11.9047619047619
Sugar Shack → Rhode Island,3.0,1,85.71428571428571
Sugar Shack → Tennessee,2.0,1,92.85714285714286
Sugar Shack → Texas,6.0,3,64.28571428571429
Sugar Shack → Washington,3.0,1,85.71428571428571
The Other Factory → Alabama,10.5,2,32.142857142857146
The Other Factory → Arizona,8.5,2,46.42857142857143
The Other Factory → California,7.857142857142857,21,51.02040816326531
The Other Factory → Colorado,12.5,2,17.857142857142858
The Other Factory → Connecticut,3.0,2,85.71428571428571
The Other Factory → Delaware,6.5,2,60.714285714285715
The Other Factory → Florida,10.333333333333334,3,33.33333333333333
The Other Factory → Georgia,11.0,2,28.571428571428573
The Other Factory → Indiana,3.0,1,85.71428571428571
The Other Factory → Kentucky,10.0,2,35.714285714285715
The Other Factory → Louisiana,6.0,1,64.28571428571429
The Other Factory → Maryland,11.0,1,28.571428571428573
The Other Factory → Massachusetts,8.333333333333334,3,47.61904761904761
The Other Factory → Missouri,15.0,1,0.0
The Other Factory → Nevada,14.0,1,7.142857142857143
The Other Factory → New Hampshire,9.0,2,42.857142857142854
The Other Factory → New Jersey,7.666666666666667,3,52.38095238095237
The Other Factory → New York,9.357142857142858,14,40.306122448979586
The Other Factory → North Carolina,3.0,1,85.71428571428571
The Other Factory → Ohio,8.333333333333334,3,47.61904761904761
The Other Factory → Oregon,1.5,2,96.42857142857143
The Other Factory → Pennsylvania,7.285714285714286,7,55.10204081632653
The Other Factory → Rhode Island,11.0,1,28.571428571428573
The Other Factory → South Carolina,2.0,1,92.85714285714286
The Other Factory → Tennessee,6.666666666666667,3,59.52380952380952
The Other Factory → Texas,9.444444444444445,9,39.682539682539684
The Other Factory → Virginia,6.75,4,58.92857142857143
The Other Factory → Washington,8.75,4,44.642857142857146
Wicked Choccy's → Alabama,7.7727272727272725,22,51.62337662337662
Wicked Choccy's → Alberta,5.5,8,67.85714285714286
Wicked Choccy's → Arizona,8.371428571428572,105,47.346938775510196
Wicked Choccy's → Arkansas,8.11111111111111,27,49.20634920634921
Wicked Choccy's → British Columbia,4.75,4,73.21428571428571
Wicked Choccy's → California,8.091130012150668,823,49.34907134178094
Wicked Choccy's → Colorado,7.914285714285715,70,50.61224489795918
Wicked Choccy's → Connecticut,7.483870967741935,31,53.68663594470046
Wicked Choccy's → Delaware,7.877551020408164,49,50.87463556851311
Wicked Choccy's → District of Columbia,8.5,2,46.42857142857143
Wicked Choccy's → Florida,7.608695652173913,161,52.79503105590062
Wicked Choccy's → Georgia,7.815384615384615,65,51.31868131868132
Wicked Choccy's → Idaho,10.571428571428571,7,31.63265306122449
Wicked Choccy's → Illinois,7.995238095238095,210,50.034013605442176
Wicked Choccy's → Indiana,7.537037037037037,54,53.30687830687831
Wicked Choccy's → Iowa,8.857142857142858,14,43.877551020408156
Wicked Choccy's → Kansas,7.888888888888889,9,50.79365079365079
Wicked Choccy's → Kentucky,8.206896551724139,58,48.522167487684726
Wicked Choccy's → Louisiana,8.333333333333334,15,47.61904761904761
Wicked Choccy's → Maine,4.5,2,75.0
Wicked Choccy's → Manitoba,8.8,10,44.28571428571428
Wicked Choccy's → Maryland,7.024390243902439,41,56.968641114982574
Wicked Choccy's → Massachusetts,8.148148148148149,54,48.941798941798936
Wicked Choccy's → Michigan,7.17,100,55.92857142857143
Wicked Choccy's → Minnesota,7.644444444444445,45,52.53968253968254
Wicked Choccy's → Mississippi,9.409090909090908,22,39.935064935064936
Wicked Choccy's → Missouri,8.655172413793103,29,45.320197044334975
Wicked Choccy's → Montana,6.285714285714286,7,62.24489795918368
Wicked Choccy's → Nebraska,5.928571428571429,14,64.79591836734694
Wicked Choccy's → Nevada,8.416666666666666,12,47.023809523809526
Wicked Choccy's → New Brunswick,5.75,4,66.07142857142857
Wicked Choccy's → New Hampshire,9.181818181818182,11,41.558441558441565
Wicked Choccy's → New Jersey,8.372881355932204,59,47.3365617433414
Wicked Choccy's → New Mexico,5.764705882352941,17,65.96638655462185
Wicked Choccy's → New York,8.318807339449542,436,47.72280471821756
Wicked Choccy's → North Carolina,8.831683168316832,101,44.059405940594054
Wicked Choccy's → North Dakota,6.0,2,64.28571428571429
Wicked Choccy's → Nova Scotia,6.666666666666667,6,59.52380952380952
Wicked Choccy's → Ohio,8.333333333333334,189,47.61904761904761
Wicked Choccy's → Oklahoma,8.56,25,46.0
Wicked Choccy's → Ontario,7.233333333333333,30,55.476190476190474
Wicked Choccy's → Oregon,9.395348837209303,43,40.03322259136212
Wicked Choccy's → Pennsylvania,7.907488986784141,227,50.66079295154185
Wicked Choccy's → Prince Edward Island,8.5,4,46.42857142857143
Wicked Choccy's → Quebec,6.416666666666667,24,61.3095238095238
Wicked Choccy's → Rhode Island,6.523809523809524,21,60.54421768707483
Wicked Choccy's → Saskatchewan,12.5,2,17.857142857142858
Wicked Choccy's → South Carolina,7.473684210526316,19,53.7593984962406
Wicked Choccy's → South Dakota,4.333333333333333,3,76.19047619047619
Wicked Choccy's → Tennessee,9.149253731343284,67,41.7910447761194
Wicked Choccy's → Texas,8.146907216494846,388,48.95066273932253
Wicked Choccy's → Utah,8.478260869565217,23,46.58385093167703
Wicked Choccy's → Vermont,6.8,5,58.57142857142856
Wicked Choccy's → Virginia,8.169811320754716,106,48.787061994609175
Wicked Choccy's → Washington,7.963800904977376,221,50.25856496444732
Wicked Choccy's → West Virginia,9.5,2,39.285714285714285
Wicked Choccy's → Wisconsin,8.106382978723405,47,49.24012158054711
